round,date,factor_id,group,selected,updated_in_b_step,selected_success,unselected_evaluation,unselected_score,unselected_improvement,alpha_before,beta_before,alpha_after,beta_after,success_rate_after,score_final,score_aggregate,score_bayesian,perf_rank_percentile_input,perf_icir_input,perf_ls_return_input,recent_icir_lookback,recent_ls_mean_lookback,recent_ls_sharpe_lookback,recent_win_rate_lookback
2,2014-06-19,good_000,good,True,True,True,,,,8.0,2.0,9.0,2.0,0.8181818181818182,0.6403034141501882,0.5700403049766113,0.8042506688885344,0.13793103448275862,2.104651720472196,0.0010229020420220024,2.104652408775945,0.0010229020420220024,33.625766554601086,1.0
2,2014-06-19,good_001,good,True,True,True,,,,8.0,2.0,9.0,2.0,0.8181818181818182,0.7112905515928086,0.6245060103606821,0.9137878144677706,0.27586206896551724,1.8086103863477618,0.0009526061843584653,1.8086109340878078,0.0009526061843584653,28.739695476849572,0.9
2,2014-06-19,good_002,good,False,True,False,,,,8.0,2.0,8.0,3.0,0.7272727272727273,0.4691710262090575,0.4408562681510876,0.5352387950109874,0.7931034482758621,0.9058125640024601,0.0006775718656099758,0.9058127541797772,0.0006775718656099758,14.070521396106821,0.75
2,2014-06-19,good_003,good,True,True,True,,,,8.0,2.0,9.0,2.0,0.8181818181818182,0.6507301059938942,0.6033623709314268,0.7612548211396518,0.2413793103448276,1.8329102893606402,0.0010671945168023284,1.832910792078311,0.0010671945168023284,29.329398141474318,0.95
2,2014-06-19,good_004,good,True,True,False,,,,8.0,2.0,8.0,3.0,0.7272727272727273,0.6327363714893621,0.5318575927495383,0.8681201885489511,0.7241379310344828,1.037305152764903,0.0007286026333668153,1.037305387460813,0.0007286026333668153,16.432435400059795,0.8
2,2014-06-19,good_005,good,True,False,,,,,8.0,2.0,8.5,2.0,0.8095238095238095,0.6926240087928877,0.6093721502882152,0.8868783453037901,,,,1.7396202428218344,0.001036815059840878,27.850719093901482,0.95
2,2014-06-19,good_006,good,True,True,True,,,,8.0,2.0,9.0,2.0,0.8181818181818182,0.6162292109267081,0.6339356608075861,0.5749141612046594,0.034482758620689655,2.7200998723793104,0.0010599673295687195,2.7201009860474517,0.0010599673295687195,43.4763315386028,1.0
2,2014-06-19,good_007,good,False,True,False,,,,8.0,2.0,8.0,3.0,0.7272727272727273,0.48476975785118503,0.45043984603638754,0.5648728854190459,0.9310344827586207,0.6997120236574055,0.000479739227855399,0.6997121876707301,0.000479739227855399,11.136314643186202,0.8
2,2014-06-19,good_008,good,True,True,True,,,,8.0,2.0,9.0,2.0,0.8181818181818182,0.6365161525572807,0.5531898386711287,0.8309442182916353,0.3793103448275862,1.5191034453273016,0.0008741224651813238,1.519103865927913,0.0008741224651813238,24.13453405709942,0.95
2,2014-06-19,good_009,good,True,True,True,,,,8.0,2.0,9.0,2.0,0.8181818181818182,0.6345296988616677,0.5680422755173715,0.7896670199983586,0.5862068965517241,1.2286170675788344,0.0009011873043058546,1.2286173340693542,0.0009011873043058546,19.308353954418735,0.9
2,2014-06-19,good_010,good,True,True,False,,,,8.0,2.0,8.0,3.0,0.7272727272727273,0.5703183111075649,0.4794914220646604,0.7822477188743425,0.6206896551724138,1.2082989113034486,0.0008523332453721305,1.2082991845306004,0.0008523332453721305,19.25906442671381,0.8
2,2014-06-19,good_011,good,True,True,True,,,,8.0,2.0,9.0,2.0,0.8181818181818182,0.5960726305382864,0.5079693723655698,0.8016468996079585,0.41379310344827586,1.4525394461674797,0.0008280961984553327,1.4525398511143601,0.0008280961984553327,23.150504931124438,0.9
2,2014-06-19,good_012,good,True,True,True,,,,8.0,2.0,9.0,2.0,0.8181818181818182,0.5820168518276521,0.5501869602129845,0.6562865989285432,0.10344827586206896,2.179006203991,0.0008674100017605733,2.1790070765020424,0.0008674100017605733,34.43995515436654,0.95
2,2014-06-19,good_013,good,True,False,,,,,8.0,2.0,8.5,2.0,0.8095238095238095,0.6342891148228702,0.6252838105813264,0.6553014913864724,,,,3.364706077228511,0.0011334837008561208,53.604736969540724,1.0
2,2014-06-19,good_014,good,True,True,True,,,,8.0,2.0,9.0,2.0,0.8181818181818182,0.6227038971583062,0.5682158397550399,0.7498426977659279,0.6551724137931034,1.1842701840830605,0.0007846366497656727,1.1842704702234697,0.0007846366497656727,18.855031923860825,0.85
2,2014-06-19,good_015,good,True,True,True,,,,8.0,2.0,9.0,2.0,0.8181818181818182,0.7056667993971792,0.6440008864910393,0.8495539295115059,0.06896551724137931,2.388582410237997,0.0012177380041478883,2.388583157288925,0.0012177380041478883,37.79385870292752,1.0
2,2014-06-19,good_016,good,True,True,True,,,,8.0,2.0,9.0,2.0,0.8181818181818182,0.6140385334836591,0.5696320847275695,0.7176535805812017,0.5517241379310345,1.2355715530103415,0.0008367814889823647,1.2355718459582192,0.0008367814889823647,19.672615621660135,0.85
2,2014-06-19,good_017,good,True,True,True,,,,8.0,2.0,9.0,2.0,0.8181818181818182,0.6689511525107663,0.5704019661269458,0.8988992540730143,0.1724137931034483,2.0541090832607845,0.0010093384237900727,2.0541097492981293,0.0010093384237900727,32.70813421152905,1.0
2,2014-06-19,good_018,good,True,True,True,,,,8.0,2.0,9.0,2.0,0.8181818181818182,0.7094199038474062,0.6213480824760264,0.9149208203806258,0.20689655172413793,1.98264496603071,0.001045792292621706,1.9826455633676494,0.001045792292621706,31.324057809625906,1.0
2,2014-06-19,good_019,good,True,True,True,,,,8.0,2.0,9.0,2.0,0.8181818181818182,0.5744749882147361,0.5702031461136692,0.5844426197838922,0.4482758620689655,1.4521207997490426,0.0008042542205547023,1.4521212186087182,0.0008042542205547023,23.009802205851837,0.85
2,2014-06-19,medium_000,medium,False,False,,failure,0.4200000000000001,-3.5513129203782654,5.0,5.0,5.0,5.0,0.5,0.49592845003560326,0.5440907055786401,0.38354985376851736,,,,0.8007831029735608,0.0005414459264859332,12.58266944440067,0.75
2,2014-06-19,medium_001,medium,False,False,,success,0.9400000000000001,2.3568444952059338,5.0,5.0,5.5,5.0,0.5238095238095238,0.4764123046941854,0.5390472394293311,0.33026412364551205,,,,0.8851795792141866,0.000599383600871969,14.119568891578034,0.7
2,2014-06-19,medium_002,medium,False,True,False,,,,5.0,5.0,5.0,6.0,0.45454545454545453,0.4311500029891353,0.3870875869420768,0.5339623070989384,0.9655172413793104,0.6833648529733649,0.000505544051019462,0.6833649995156866,0.000505544051019462,10.730219746724467,0.8
2,2014-06-19,medium_003,medium,False,False,,failure,0.5400000000000001,-1.8089561562212566,5.0,5.0,5.0,5.0,0.5,0.503181143722116,0.5604644159886215,0.36952017510027,,,,1.2960279348934214,0.0008258530184224765,20.38338447937163,0.9
2,2014-06-19,medium_004,medium,True,False,,,,,5.0,5.0,5.5,5.0,0.5238095238095238,0.5388522472014157,0.5012926465713556,0.6264913153382226,,,,0.684801171076422,0.0005745636503129974,10.841299676563255,0.85
2,2014-06-19,medium_005,medium,True,False,,,,,5.0,5.0,5.0,5.0,0.5,0.6222835106430056,0.5755177557123538,0.7314036054811933,,,,1.090126901722882,0.0009233777845612477,17.22529756940152,0.9
2,2014-06-19,medium_006,medium,True,True,True,,,,5.0,5.0,6.0,5.0,0.5454545454545454,0.6115592065861474,0.5565933989552779,0.7398127577248428,0.3448275862068966,1.7466700469838234,0.0008761695342937133,1.7466705979480042,0.0008761695342937133,26.9214927094076,0.95
2,2014-06-19,medium_007,medium,False,False,,failure,0.39000000000000007,-4.620038585963982,5.0,5.0,5.0,5.0,0.5,0.48551306303333497,0.4781869624002868,0.502607297843781,,,,0.8062812353619473,0.0006819043890554384,12.861426748583739,0.8
2,2014-06-19,medium_008,medium,False,True,True,,,,5.0,5.0,6.0,5.0,0.5454545454545454,0.499359159989027,0.5161293089509109,0.46022881241129804,0.4827586206896552,1.3314603647359853,0.0006503203317054091,1.331460800642179,0.0006503203317054091,21.375400087450547,0.95
2,2014-06-19,medium_009,medium,False,False,,success,0.9700000000000001,2.488427626430692,5.0,5.0,5.5,5.0,0.5238095238095238,0.4531060542819184,0.5045335499105255,0.33310856448183557,,,,1.1727164631014073,0.0005516197627818676,18.621929799505487,0.85
2,2014-06-19,medium_010,medium,False,True,False,,,,5.0,5.0,5.0,6.0,0.45454545454545453,0.42556003275775794,0.5143475723999372,0.21838910692600635,0.8620689655172413,0.8382557413274884,0.0005593707603605019,0.838255941319148,0.0005593707603605019,13.264791420272863,0.8
2,2014-06-19,medium_011,medium,True,True,True,,,,5.0,5.0,6.0,5.0,0.5454545454545454,0.5820621890940462,0.6112986275517982,0.5138438326926249,0.0,2.8215204288320237,0.0011876505878340203,2.821521502466229,0.0011876505878340203,44.32355922771984,1.0
2,2014-06-19,medium_012,medium,False,False,,success,0.9700000000000001,3.32799195115291,5.0,5.0,5.5,5.0,0.5238095238095238,0.4435299744614366,0.5097593549772297,0.2889947532579195,,,,1.1295399644464788,0.0006537687993191984,17.901071853709727,0.95
2,2014-06-19,medium_013,medium,False,True,False,,,,5.0,5.0,5.0,6.0,0.45454545454545453,0.48174445624938755,0.4905035898776885,0.4613064777833521,0.7586206896551724,1.0037745271272023,0.0006780603060597376,1.003774761610149,0.0006780603060597376,15.851569042951283,0.85
2,2014-06-19,medium_014,medium,True,False,,,,,5.0,5.0,5.5,5.0,0.5238095238095238,0.6374248788552953,0.6288885520596992,0.6573429747116863,,,,2.909966991648742,0.0011358838015552218,46.07913211294158,1.0
2,2014-06-19,medium_015,medium,True,False,,,,,5.0,5.0,5.0,5.0,0.5,0.5813978690357021,0.5905815824283758,0.559969204452797,,,,3.0178029912545807,0.0011687544480657793,48.1287079460402,1.0
2,2014-06-19,medium_016,medium,False,False,,failure,0.5100000000000001,-2.75837516762833,5.0,5.0,5.0,5.0,0.5,0.4523428920502577,0.4516165588588342,0.4540376694969125,,,,0.4960272833350436,0.0004280866921305505,7.834168958792042,0.7
2,2014-06-19,medium_017,medium,True,True,False,,,,5.0,5.0,5.0,6.0,0.45454545454545453,0.5367553353777154,0.5489517962907969,0.5082969265805252,0.8275862068965517,0.8461983938842019,0.0006160365329535285,0.8461985817198383,0.0006160365329535285,13.58030828659559,0.75
2,2014-06-19,medium_018,medium,True,False,,,,,5.0,5.0,5.0,5.0,0.5,0.599567272624441,0.6166313556623818,0.5597510788692456,,,,2.895757159822358,0.001167478603563883,45.43453435784292,1.0
2,2014-06-19,medium_019,medium,True,True,True,,,,5.0,5.0,6.0,5.0,0.5454545454545454,0.5727396305273964,0.58984667761452,0.5328231873241078,0.5172413793103449,1.2964826534872846,0.0008543744963998954,1.296482968116825,0.0008543744963998954,20.56152389222611,0.9
2,2014-06-19,medium_020,medium,False,False,,failure,0.39000000000000007,-3.3122855279381582,5.0,5.0,5.0,5.0,0.5,0.5026790273843663,0.4817000032539682,0.5516300836886285,,,,1.1584456136304624,0.0006994533755522228,18.53996265040641,0.9
2,2014-06-19,medium_021,medium,False,True,True,,,,5.0,5.0,6.0,5.0,0.5454545454545454,0.5075607401371889,0.5839962301484124,0.3292112634443341,0.3103448275862069,1.7872985140964048,0.0007481589700683961,1.7872991992909542,0.0007481589700683961,28.6178148162638,0.95
2,2014-06-19,medium_022,medium,False,False,,success,0.8500000000000002,0.7463325148727762,5.0,5.0,5.5,5.0,0.5238095238095238,0.46678577495025003,0.518718071195073,0.34561041704566325,,,,1.1160115351516386,0.0006603961655091125,17.736817566690867,0.9
2,2014-06-19,medium_023,medium,False,False,,success,0.8500000000000002,4.535402896560413,5.0,5.0,5.5,5.0,0.5238095238095238,0.5047066276946501,0.5066381986602887,0.5001996287748267,,,,1.4363112912234677,0.0008400873850332432,22.85232332652661,0.85
2,2014-06-19,medium_024,medium,False,False,,success,0.9700000000000001,5.68305463482271,5.0,5.0,5.5,5.0,0.5238095238095238,0.5093644427803787,0.5762746333731446,0.35324066473059174,,,,0.9780366813182035,0.0007171787956539114,15.629176767187117,0.8
2,2014-06-19,medium_025,medium,False,True,False,,,,5.0,5.0,5.0,6.0,0.45454545454545453,0.39964238686598724,0.3361800818370272,0.5477210986002274,1.0,0.33332708164063696,0.0002760480281864634,0.33332714488849974,0.0002760480281864634,5.248971011750182,0.65
2,2014-06-19,medium_026,medium,False,False,,failure,0.5100000000000001,-8.863377543533147,5.0,5.0,5.0,5.0,0.5,0.4599440402538669,0.44433768535279083,0.49635886835637777,,,,0.8309047466776885,0.0004894850022688331,13.190453894350307,0.8
2,2014-06-19,medium_027,medium,False,False,,failure,0.4200000000000001,-2.9096240121656365,5.0,5.0,5.0,5.0,0.5,0.46527526000778474,0.4675619859399231,0.4599395661661285,,,,0.8793809916354074,0.0005838367039052167,13.968497712954512,0.75
2,2014-06-19,medium_028,medium,False,True,True,,,,5.0,5.0,6.0,5.0,0.5454545454545454,0.49546017947684573,0.49615979219159173,0.4938277498091052,0.6896551724137931,1.144614887170893,0.0005809084509809769,1.1446152517185952,0.0005809084509809769,18.26602737331091,0.9
2,2014-06-19,medium_029,medium,False,False,,failure,0.4200000000000001,-6.881186664115646,5.0,5.0,5.0,5.0,0.5,0.4455210029182496,0.427775643740158,0.48692684100046335,,,,0.579647975591163,0.000407439645437772,9.17330762517954,0.7
2,2014-06-19,bad_000,bad,False,False,,success,0.8500000000000002,3.797468910667149,2.0,8.0,2.5,8.0,0.23809523809523808,0.4338962567267982,0.480019727948123,0.3262748238770406,,,,1.092797530498693,0.0007255046605364561,17.22887888802232,0.85
2,2014-06-19,bad_001,bad,False,False,,failure,0.5100000000000001,-14.538261701398952,2.0,8.0,2.0,8.0,0.2,0.39179135325011866,0.5050969431808174,0.12741164341182165,,,,0.6498572530863376,0.0004192122790667399,10.382444158436996,0.6
2,2014-06-19,bad_002,bad,False,False,,success,0.8200000000000002,7.732923963511283,2.0,8.0,2.5,8.0,0.23809523809523808,0.47879310919957907,0.5900305554979711,0.21923906783666447,,,,1.6683139209827067,0.0010464201770078552,26.65474441775222,0.95
2,2014-06-19,bad_003,bad,False,False,,failure,0.4200000000000001,-3.7774390160551405,2.0,8.0,2.0,8.0,0.2,0.4311284736828257,0.5209380298217561,0.22157284269198824,,,,1.0574866372634155,0.0006656023178658142,16.82979554930454,0.8
2,2014-06-19,bad_004,bad,False,False,,failure,0.4200000000000001,-2.9810503037953424,2.0,8.0,2.0,8.0,0.2,0.42250531561412785,0.5383296467515877,0.15224854296005508,,,,1.2560134477751526,0.0007667514306751267,20.21268763640198,0.9
2,2014-06-19,bad_005,bad,False,False,,failure,0.5100000000000001,-1.5646056192165219,2.0,8.0,2.0,8.0,0.2,0.44430056844509797,0.5036700228820665,0.3057718414255047,,,,0.9881425837839858,0.0005379828482378075,15.699087566129739,0.85
2,2014-06-19,bad_006,bad,False,False,,failure,0.4200000000000001,-3.574172417099362,2.0,8.0,2.0,8.0,0.2,0.4715044884520594,0.49234190387183285,0.422883852472588,,,,0.8888897732951369,0.0006181169757254043,14.137145456199423,0.85
2,2014-06-19,bad_007,bad,False,False,,failure,0.39000000000000007,-0.8034406277131723,2.0,8.0,2.0,8.0,0.2,0.4779870060478758,0.5306847374766509,0.35502563271406734,,,,1.4021028505698425,0.0008825506529121653,22.335954365908645,0.9
2,2014-06-19,bad_008,bad,True,False,,,,,2.0,8.0,2.5,8.0,0.23809523809523808,0.5840145631058015,0.5403434994910369,0.6859137115402523,,,,1.8077954262577343,0.0007695903546593168,29.57014811019236,0.95
2,2014-06-19,bad_009,bad,False,False,,failure,0.39000000000000007,-6.914981702839555,2.0,8.0,2.0,8.0,0.2,0.33989534769274254,0.4156096402300511,0.16322866510568929,,,,0.6117935119699486,0.00038723946778453436,9.718095794886464,0.65
2,2014-06-19,bad_010,bad,False,False,,success,0.9400000000000001,0.7729374264086033,2.0,8.0,2.5,8.0,0.23809523809523808,0.4192393147825958,0.5739909634607617,0.05815213453354202,,,,2.0056144706705754,0.0010167429190247575,32.01353972871806,0.95
2,2014-06-19,bad_011,bad,False,True,False,,,,2.0,8.0,2.0,9.0,0.18181818181818182,0.3503689071079731,0.4565692183245247,0.10256818093601934,0.896551724137931,0.7327290020079317,0.0004894454241524085,0.732729176422062,0.0004894454241524085,11.637542261171303,0.8
2,2014-06-19,bad_012,bad,False,False,,success,0.9700000000000001,5.137929504180605,2.0,8.0,2.5,8.0,0.23809523809523808,0.3924838436181828,0.4885019707282095,0.16844154702812048,,,,1.1713277065771492,0.000689012304222304,18.52511753948325,0.85
2,2014-06-19,bad_013,bad,False,False,,success,0.9700000000000001,3.060860648594229,2.0,8.0,2.5,8.0,0.23809523809523808,0.3922120376753268,0.47974704378637834,0.18796369008287336,,,,0.8172615240604256,0.00036601550760730555,13.039527530868801,0.8
2,2014-06-19,bad_014,bad,False,False,,failure,0.5100000000000001,-11.587141846486247,2.0,8.0,2.0,8.0,0.2,0.37227422847208574,0.4970993185080801,0.08101568505476565,,,,0.8563547929573556,0.00048210773281282535,13.711906295200027,0.8
2,2014-06-19,bad_015,bad,False,False,,failure,0.5100000000000001,-8.707103152854614,2.0,8.0,2.0,8.0,0.2,0.4302355588697369,0.5458519269726976,0.1604640332961621,,,,0.8222006163438969,0.0007000154729976557,13.13066570175136,0.75
2,2014-06-19,bad_016,bad,False,False,,failure,0.5100000000000001,-2.3558278728478257,2.0,8.0,2.0,8.0,0.2,0.3720222644707642,0.5198636369091773,0.027059062114467087,,,,1.146918726506442,0.0008454736742952186,18.13437255707431,0.85
2,2014-06-19,bad_017,bad,False,False,,success,0.9400000000000001,3.159212894561108,2.0,8.0,2.5,8.0,0.23809523809523808,0.4408771013630717,0.49262569837101516,0.3201303750112035,,,,1.122769396173495,0.0006493373510816707,17.794741573555175,0.8
2,2014-06-19,bad_018,bad,False,False,,failure,0.39000000000000007,-0.8530733638960157,2.0,8.0,2.0,8.0,0.2,0.35122953190857364,0.4072332772254254,0.22055412616925288,,,,0.3636461973902799,0.00021280083947014059,5.706484814483631,0.45
2,2014-06-19,bad_019,bad,True,False,,,,,2.0,8.0,2.5,8.0,0.23809523809523808,0.5125919949132247,0.5403572801276024,0.4478063294130099,,,,0.8875639184631877,0.0007015094573386396,14.11856732385919,0.75
2,2014-06-19,bad_020,bad,False,False,,failure,0.5100000000000001,-2.910912885027429,2.0,8.0,2.0,8.0,0.2,0.41389657890724385,0.5533221030343927,0.08857035594389666,,,,1.522562171883251,0.0007724751878632064,23.571754759592338,0.95
2,2014-06-19,bad_021,bad,False,False,,success,0.8200000000000002,0.5377456511668584,2.0,8.0,2.5,8.0,0.23809523809523808,0.3693830784772027,0.46355179952111614,0.14965606270807144,,,,0.48025701808606763,0.00041375697453214686,7.770747812899013,0.7
2,2014-06-19,bad_022,bad,False,False,,failure,0.4200000000000001,-5.389458606047498,2.0,8.0,2.0,8.0,0.2,0.3255335197514061,0.45447889796968294,0.02466097057542692,,,,1.0219553639774113,0.0006178401244409111,16.197220937246446,0.8
2,2014-06-19,bad_023,bad,False,False,,failure,0.4200000000000001,-0.41974033627496965,2.0,8.0,2.0,8.0,0.2,0.3123413590862152,0.43316262697647,0.03042506734228726,,,,0.9370970887598203,0.0007087773994743374,14.801995342320307,0.85
2,2014-06-19,bad_024,bad,False,False,,failure,0.4200000000000001,-1.3971563869828287,2.0,8.0,2.0,8.0,0.2,0.46880981748221723,0.5407640707897758,0.30091655976458054,,,,2.0020765971668313,0.0008942908885044498,31.261018384606494,0.95
2,2014-06-19,bad_025,bad,False,False,,failure,0.36000000000000004,-16.730216815207854,2.0,8.0,2.0,8.0,0.2,0.32513231714401164,0.42351171154153766,0.09558039688311756,,,,0.8429213483337068,0.0007479428646440361,13.424802804221898,0.7
2,2014-06-19,bad_026,bad,False,False,,success,0.9400000000000001,9.235381443935552,2.0,8.0,2.5,8.0,0.23809523809523808,0.4646702217761478,0.6017351057100425,0.14485215926372702,,,,2.5197039354370823,0.0010919812654357542,40.632599373708686,0.95
2,2014-06-19,bad_027,bad,False,False,,failure,0.4200000000000001,-8.074953894926296,2.0,8.0,2.0,8.0,0.2,0.31784396256040176,0.4364954492503208,0.04099049361725753,,,,0.9977376789391176,0.0007646660728155296,15.835203504214297,0.8
2,2014-06-19,bad_028,bad,True,False,,,,,2.0,8.0,2.5,8.0,0.23809523809523808,0.5290472559458006,0.6172968537824506,0.32313152766028386,,,,2.784483797249593,0.0010208669095908489,45.18856837627489,1.0
2,2014-06-19,bad_029,bad,False,False,,success,0.9400000000000001,9.43541277050069,2.0,8.0,2.5,8.0,0.23809523809523808,0.4397901372724421,0.5015643095230362,0.2956504020210561,,,,0.7159660087099856,0.00048120657666893415,11.45516896131761,0.75
2,2014-06-19,bad_030,bad,False,False,,failure,0.4200000000000001,-3.499687467164108,2.0,8.0,2.0,8.0,0.2,0.40839571010914677,0.4872177145405966,0.22447769976909726,,,,0.630041733932482,0.00046077254280918716,10.15791818634412,0.75
2,2014-06-19,bad_031,bad,False,False,,success,0.9400000000000001,7.476819608546904,2.0,8.0,2.5,8.0,0.23809523809523808,0.3870580998281986,0.4616913817231783,0.21291377540657935,,,,0.7396674485679748,0.0005374275905429146,11.687106510925249,0.8
2,2014-06-19,bad_032,bad,False,False,,failure,0.39000000000000007,-6.44089879716293,2.0,8.0,2.0,8.0,0.2,0.306308424755667,0.37940076159797476,0.13575963879028222,,,,0.8584533493950411,0.0005509976672290159,13.608400827395448,0.75
2,2014-06-19,bad_033,bad,False,False,,failure,0.5400000000000001,-4.873688094950708,2.0,8.0,2.0,8.0,0.2,0.41221146836564093,0.5042572746447026,0.19743792038116384,,,,1.1475875794976091,0.0007973210270539151,18.110208735711897,0.9
2,2014-06-19,bad_034,bad,False,False,,success,0.9700000000000001,5.06813448821336,2.0,8.0,2.5,8.0,0.23809523809523808,0.4841105491083813,0.6062706006599599,0.1990704288213648,,,,1.5890927184239043,0.0010524640730019534,25.239006918768663,0.9
2,2014-06-19,bad_035,bad,False,False,,failure,0.5100000000000001,-2.6702439398921882,2.0,8.0,2.0,8.0,0.2,0.4476740634754274,0.5494403375278523,0.2102194240197693,,,,0.9967950599216902,0.0008416101373508204,15.779261610685953,0.8
2,2014-06-19,bad_036,bad,False,False,,success,0.8200000000000002,4.9394382234058725,2.0,8.0,2.5,8.0,0.23809523809523808,0.41532354035013763,0.45856805701565007,0.31441966813060873,,,,0.7143750937756916,0.0004985169100089941,11.309727054190112,0.75
2,2014-06-19,bad_037,bad,False,False,,success,0.8200000000000002,4.025884383511951,2.0,8.0,2.5,8.0,0.23809523809523808,0.2712055851313491,0.3565882140469824,0.0719794509948717,,,,0.6623681150264161,0.0004948697504195568,10.487569981479085,0.85
2,2014-06-19,bad_038,bad,False,False,,failure,0.5100000000000001,-5.151253149754467,2.0,8.0,2.0,8.0,0.2,0.37915957087512125,0.417335696718389,0.2900819439074966,,,,0.869804407549908,0.0005925866132110762,13.844629715998638,0.75
2,2014-06-19,bad_039,bad,False,False,,failure,0.39000000000000007,-8.150348659195785,2.0,8.0,2.0,8.0,0.2,0.3268743670698321,0.43341474308167516,0.07828015637553166,,,,0.5565581779992063,0.0003585280877220966,8.897678112323158,0.7
2,2014-06-19,bad_040,bad,False,False,,failure,0.5100000000000001,-5.45108780378321,2.0,8.0,2.0,8.0,0.2,0.4547306016605717,0.4901484244448499,0.37208901516392257,,,,1.0599427430432136,0.0006587230709751693,16.720930657167237,0.8
2,2014-06-19,bad_041,bad,False,False,,success,0.8500000000000002,1.2370596132864193,2.0,8.0,2.5,8.0,0.23809523809523808,0.46288651874414993,0.5598346304359338,0.2366742581299876,,,,1.1479936401877044,0.0007578237115888873,18.162763100051862,0.85
2,2014-06-19,bad_042,bad,False,False,,success,0.9400000000000001,0.4502083156911567,2.0,8.0,2.5,8.0,0.23809523809523808,0.42604885074183085,0.45894714770315626,0.3492861578320717,,,,1.0413030316856036,0.0008148333405363466,16.63410911301655,0.85
2,2014-06-19,bad_043,bad,False,False,,failure,0.5100000000000001,-5.699408799932627,2.0,8.0,2.0,8.0,0.2,0.39301991382192186,0.5042470389707614,0.13348995514129638,,,,0.6665757857891128,0.0005802454007720125,10.445748388006042,0.75
2,2014-06-19,bad_044,bad,False,False,,failure,0.5100000000000001,-10.963189539260327,2.0,8.0,2.0,8.0,0.2,0.3444115077436892,0.4306025935391289,0.14329897422099663,,,,0.5975820938958675,0.00045161328028187785,9.41933357914346,0.65
2,2014-06-19,bad_045,bad,False,False,,failure,0.39000000000000007,-8.01162142775523,2.0,8.0,2.0,8.0,0.2,0.36679993633551133,0.4668135003017923,0.1334349537475224,,,,1.193555075259559,0.0006488125227110346,18.825269059192433,0.85
2,2014-06-19,bad_046,bad,False,False,,failure,0.39000000000000007,-6.512617368580123,2.0,8.0,2.0,8.0,0.2,0.36631124162706213,0.4125180804746391,0.25849528431604935,,,,0.3919757961571472,0.00030649787494143395,6.279542751705414,0.65
2,2014-06-19,bad_047,bad,False,False,,failure,0.5100000000000001,-5.022396509080465,2.0,8.0,2.0,8.0,0.2,0.32479241314160806,0.31729078133046507,0.3422962207009418,,,,0.40460354208482663,0.0002843957636871737,6.388405329184328,0.6
2,2014-06-19,bad_048,bad,False,False,,failure,0.39000000000000007,-3.2539887001127425,2.0,8.0,2.0,8.0,0.2,0.37436512831813373,0.4699860161198913,0.15124972344736615,,,,0.7125734521860463,0.0004759554917363231,11.24703102320847,0.65
2,2014-06-19,bad_049,bad,False,False,,success,0.9400000000000001,9.715005226615816,2.0,8.0,2.5,8.0,0.23809523809523808,0.2599363288397483,0.3445229762072913,0.06256748498214817,,,,0.3287913807298053,0.00019594699705967753,5.1090597204063375,0.5
3,2014-07-18,good_000,good,False,True,False,,,,9.0,2.0,9.0,3.0,0.75,0.45249286800610844,0.34890435456397456,0.6941993993710875,0.9310344827586207,0.4933322034691253,0.00033896532383396604,0.49333231892769397,0.00033896532383396604,7.811963165023291,0.7
3,2014-07-18,good_001,good,True,True,False,,,,9.0,2.0,9.0,3.0,0.75,0.5879265737001018,0.4851601007782921,0.8277150105176581,0.6896551724137931,1.068257800096669,0.0005752561778741502,1.0682581165449112,0.0005752561778741502,16.934086188960073,0.8
3,2014-07-18,good_002,good,False,False,,failure,0.39000000000000007,-3.0845927064190874,8.0,3.0,8.0,3.0,0.7272727272727273,0.5323059417646182,0.45031909253987723,0.7236085899556807,,,,0.6427435497390859,0.00039053962214586247,10.145375948999186,0.7
3,2014-07-18,good_003,good,True,True,False,,,,9.0,2.0,9.0,3.0,0.75,0.5866046661935058,0.4481092131898228,0.9097607232020996,0.896551724137931,0.5154145781891026,0.0003067933993966097,0.5154147187803941,0.0003067933993966097,8.304435833692574,0.65
3,2014-07-18,good_004,good,True,True,False,,,,8.0,3.0,8.0,4.0,0.6666666666666666,0.5565498722298368,0.5636625243712545,0.539953683899862,0.5862068965517241,1.183080299025472,0.0007183189240131902,1.183080614246633,0.0007183189240131902,18.74559602074234,0.85
3,2014-07-18,good_005,good,True,True,False,,,,8.5,2.0,8.5,3.0,0.7391304347826086,0.6069130497040123,0.49836622908159933,0.8601889644896428,0.8275862068965517,0.8305139281385128,0.0007063912522481282,0.8305140834989677,0.0007063912522481282,13.272343395184397,0.75
3,2014-07-18,good_006,good,False,True,False,,,,9.0,2.0,9.0,3.0,0.75,0.534260030164728,0.4844805611686168,0.6504121244889874,0.7241379310344828,0.9814757292126997,0.0005147043337147238,0.981476029548403,0.0005147043337147238,15.457209927301115,0.75
3,2014-07-18,good_007,good,True,False,,,,,8.0,3.0,8.0,3.0,0.7272727272727273,0.6330136953469943,0.5410337320166266,0.8476336097845186,,,,1.1131413473561296,0.0006781878170986688,17.701800691001782,0.85
3,2014-07-18,good_008,good,True,True,False,,,,9.0,2.0,9.0,3.0,0.75,0.6047995729670714,0.5453631197242844,0.7434846305335745,0.6206896551724138,1.1724338117562318,0.0007485890785593853,1.1724341072157485,0.0007485890785593853,18.95131317083039,0.85
3,2014-07-18,good_009,good,True,True,True,,,,9.0,2.0,10.0,2.0,0.8333333333333334,0.6613027047526657,0.5908910668653806,0.8255965264896645,0.41379310344827586,1.5074648725017128,0.0009566962107577226,1.5074652518676972,0.0009566962107577226,23.83186509146381,0.9
3,2014-07-18,good_010,good,True,True,True,,,,8.0,3.0,9.0,3.0,0.75,0.6487900874433123,0.6129346243510077,0.73245283465869,0.0,3.109547242156467,0.0010718543735841394,3.1095486807174195,0.0010718543735841394,49.467251324045414,1.0
3,2014-07-18,good_011,good,True,True,True,,,,9.0,2.0,10.0,2.0,0.8333333333333334,0.7081332656597368,0.6182795857084422,0.9177918522127575,0.2413793103448276,1.8523286746468293,0.0010479737787009108,1.8523292013688533,0.0010479737787009108,29.514691312657238,0.95
3,2014-07-18,good_012,good,True,True,True,,,,9.0,2.0,10.0,2.0,0.8333333333333334,0.6589366829049582,0.6120155833850578,0.7684192484513926,0.13793103448275862,2.153033379377974,0.0011161591363916085,2.1530340442005573,0.0011161591363916085,33.98713437816307,1.0
3,2014-07-18,good_013,good,True,True,True,,,,8.5,2.0,9.5,2.0,0.8260869565217391,0.6300802395358209,0.5941937179747063,0.7138154565117549,0.5172413793103449,1.2895020826259431,0.0009671314377445575,1.289502358168452,0.0009671314377445575,20.391802265434727,0.9
3,2014-07-18,good_014,good,True,True,True,,,,9.0,2.0,10.0,2.0,0.8333333333333334,0.6373855087899519,0.5349940752261105,0.8762988537722487,0.6551724137931034,1.1311002561424575,0.0007795283611248149,1.1311005163439767,0.0007795283611248149,17.78246425259112,0.75
3,2014-07-18,good_015,good,True,True,False,,,,9.0,2.0,9.0,3.0,0.75,0.5751087962248264,0.43741092033195017,0.8964038399748708,0.7586206896551724,0.9063032461564308,0.0007420088721990052,0.9063034222930396,0.0007420088721990052,14.184753564234375,0.9
3,2014-07-18,good_016,good,True,True,False,,,,9.0,2.0,9.0,3.0,0.75,0.6434674715271675,0.5346390604473352,0.8974004307134433,0.5517241379310345,1.2491002786236958,0.0007916218749733238,1.2491005945380564,0.0007916218749733238,19.868701683881614,0.85
3,2014-07-18,good_017,good,True,True,True,,,,9.0,2.0,10.0,2.0,0.8333333333333334,0.6720803476685027,0.5417358485428209,0.9762175122950936,0.27586206896551724,1.640726587263245,0.0009446364076059553,1.6407270445384692,0.0009446364076059553,26.135963724100876,0.95
3,2014-07-18,good_018,good,True,True,True,,,,9.0,2.0,10.0,2.0,0.8333333333333334,0.7239114662206345,0.6462746837455811,0.9050639586624261,0.034482758620689655,3.0929164886438176,0.001242290351810808,3.092917718551896,0.001242290351810808,48.4959647807102,1.0
3,2014-07-18,good_019,good,True,True,True,,,,9.0,2.0,10.0,2.0,0.8333333333333334,0.5725060930280059,0.5397933014345931,0.6488359400793028,0.3448275862068966,1.6322798214962324,0.0009125688153579489,1.632280289182144,0.0009125688153579489,25.86297031914023,0.95
3,2014-07-18,medium_000,medium,True,False,,,,,5.0,5.0,5.5,5.0,0.5238095238095238,0.5849105246021401,0.6484658578261864,0.43661474707936565,,,,3.2655340854019492,0.0013300040753365626,52.48210583343263,1.0
3,2014-07-18,medium_001,medium,True,False,,,,,5.5,5.0,5.5,5.0,0.5238095238095238,0.5824709539652443,0.5454520366470367,0.6688484277077288,,,,1.5952352232742144,0.0009561343486152107,25.232858454952456,0.85
3,2014-07-18,medium_002,medium,False,False,,success,0.8500000000000002,2.9726617342906394,5.0,6.0,5.5,6.0,0.4782608695652174,0.5007257511007296,0.46946200869960986,0.5736744833700089,,,,0.863412881272657,0.0004939257433721895,13.646063947814097,0.75
3,2014-07-18,medium_003,medium,False,False,,success,0.9700000000000001,0.9263469581804031,5.0,5.0,5.5,5.0,0.5238095238095238,0.4672350175992072,0.4677789412725214,0.46596586236147414,,,,0.9560409278817525,0.0005059872174961235,15.252736642707399,0.75
3,2014-07-18,medium_004,medium,True,True,True,,,,5.5,5.0,6.5,5.0,0.5652173913043478,0.5585421901682672,0.628168548787121,0.39608068672427515,0.10344827586206896,2.2323329821111826,0.0010796318764736883,2.2323337225513478,0.0010796318764736883,35.58233319981984,1.0
3,2014-07-18,medium_005,medium,False,True,False,,,,5.0,5.0,5.0,6.0,0.45454545454545453,0.48042169794648426,0.4710226999507149,0.5023526932699461,0.9655172413793104,0.4518796585689176,0.00038565278203352046,0.4518797424421049,0.00038565278203352046,7.145026054781201,0.55
3,2014-07-18,medium_006,medium,True,True,True,,,,6.0,5.0,7.0,5.0,0.5833333333333334,0.5980931623807152,0.5675269812507276,0.6694142516840196,0.1724137931034483,2.0784514322445573,0.001043812944803909,2.078452091607762,0.001043812944803909,33.39294762830128,1.0
3,2014-07-18,medium_007,medium,True,False,,,,,5.0,5.0,5.0,5.0,0.5,0.5525868951421492,0.5690968493903469,0.5140636685630213,,,,1.4132908964379864,0.0008604629025952111,22.12001411153918,0.9
3,2014-07-18,medium_008,medium,True,False,,,,,6.0,5.0,6.5,5.0,0.5652173913043478,0.5703660691754563,0.5400359075349497,0.6411364463366385,,,,1.2783539133105624,0.0006720042875291214,20.070219496678845,0.9
3,2014-07-18,medium_009,medium,False,False,,success,0.9700000000000001,4.670816599438979,5.5,5.0,6.0,5.0,0.5454545454545454,0.48953606359768564,0.6073070153781358,0.21473717610996876,,,,1.8925536507682437,0.0009773423318241875,29.721304343396852,0.9
3,2014-07-18,medium_010,medium,False,False,,failure,0.5400000000000001,-2.423950491105373,5.0,6.0,5.0,6.0,0.45454545454545453,0.4683983514195802,0.5341360052480317,0.31501049248652685,,,,1.3808732215987398,0.0007729392975608318,21.921073144174965,0.85
3,2014-07-18,medium_011,medium,True,True,True,,,,6.0,5.0,7.0,5.0,0.5833333333333334,0.550420603412512,0.6143696508659565,0.4012061593544749,0.06896551724137931,2.258984520366689,0.0010349639379878897,2.258985312567455,0.0010349639379878897,35.46536895738015,0.95
3,2014-07-18,medium_012,medium,False,False,,failure,0.5100000000000001,-1.3113432727204497,5.5,5.0,5.5,5.0,0.5238095238095238,0.3991457905352796,0.42386757262788577,0.3414616323191986,,,,0.5787249832825824,0.0003034211939805571,8.922685058776615,0.75
3,2014-07-18,medium_013,medium,False,False,,success,0.9700000000000001,6.206647768378957,5.0,6.0,5.5,6.0,0.4782608695652174,0.5219795302538238,0.6302121072663586,0.2694368505579095,,,,3.639595835417263,0.0010363784058092453,57.690783317858205,1.0
3,2014-07-18,medium_014,medium,False,True,False,,,,5.5,5.0,5.5,6.0,0.4782608695652174,0.3837950610469973,0.42221607869583055,0.29414601986638644,1.0,0.4315918959583523,0.0002929709057643703,0.43159199614597943,0.0002929709057643703,6.730807927352467,0.65
3,2014-07-18,medium_015,medium,False,True,True,,,,5.0,5.0,6.0,5.0,0.5454545454545454,0.500529290191359,0.555959291371327,0.37119262077143406,0.3103448275862069,1.6373504351871937,0.0009695724978348791,1.6373508776811647,0.0009695724978348791,26.015604196422757,0.9
3,2014-07-18,medium_016,medium,False,False,,failure,0.36000000000000004,-7.505684776086824,5.0,5.0,5.0,5.0,0.5,0.5002679142387819,0.45751762091507264,0.6000185986607705,,,,0.8403295292574684,0.0006082984218685249,13.39531696883604,0.8
3,2014-07-18,medium_017,medium,False,True,False,,,,5.0,6.0,5.0,7.0,0.4166666666666667,0.4765235838962254,0.5079698168122527,0.403149040425495,0.7931034482758621,0.866436049696172,0.0006820446958331738,0.8664362262722141,0.0006820446958331738,13.824680377059062,0.8
3,2014-07-18,medium_018,medium,False,True,False,,,,5.0,5.0,5.0,6.0,0.45454545454545453,0.4861758384213066,0.4628330971415018,0.5406422347408514,0.8620689655172413,0.8160970244771713,0.0004483695187156526,0.8160972597517985,0.0004483695187156526,12.858716538527146,0.85
3,2014-07-18,medium_019,medium,True,True,True,,,,6.0,5.0,7.0,5.0,0.5833333333333334,0.6171929042293098,0.5676504178148327,0.7327920391964231,0.20689655172413793,1.9699599040714515,0.0010040604153177418,1.9699605223033114,0.0010040604153177418,31.457025341654848,0.9
3,2014-07-18,medium_020,medium,False,False,,failure,0.5400000000000001,-2.9284659240246214,5.0,5.0,5.0,5.0,0.5,0.5422613588012537,0.555252459664042,0.5119487901214146,,,,1.6618059524804452,0.0009495153747352536,26.135470583424773,0.9
3,2014-07-18,medium_021,medium,True,False,,,,,6.0,5.0,6.5,5.0,0.5652173913043478,0.5825069539649973,0.6594645582684129,0.4029392105903611,,,,3.2865986336543833,0.0012910992196045515,51.058265164707876,1.0
3,2014-07-18,medium_022,medium,False,False,,failure,0.5400000000000001,-2.842406226077543,5.5,5.0,5.5,5.0,0.5238095238095238,0.4949470072357497,0.6045352342047755,0.23924114430802287,,,,2.4541330860207866,0.0009121217520936746,38.98519926026915,1.0
3,2014-07-18,medium_023,medium,False,False,,success,0.9700000000000001,0.8456437900304792,5.5,5.0,6.0,5.0,0.5454545454545454,0.47789965258772443,0.5903129159382378,0.21560203810319353,,,,1.5329340280629735,0.0009175836890438594,24.49242145375168,0.95
3,2014-07-18,medium_024,medium,True,False,,,,,5.5,5.0,6.0,5.0,0.5454545454545454,0.5472906365422343,0.45796928372097234,0.7557071264585123,,,,0.8732341958708435,0.0006551440078310577,13.89245473202465,0.8
3,2014-07-18,medium_025,medium,False,False,,failure,0.5100000000000001,-0.7995097863693843,5.0,6.0,5.0,6.0,0.45454545454545453,0.5213438558395066,0.48405166637925745,0.608358964580088,,,,1.1871088649452544,0.0006598793709501913,18.732625617032618,0.9
3,2014-07-18,medium_026,medium,True,False,,,,,5.0,5.0,5.0,5.0,0.5,0.5526139230636122,0.5237484256493514,0.6199667503635542,,,,1.1694107555816535,0.0007050915723063628,18.57819665967772,0.9
3,2014-07-18,medium_027,medium,False,False,,success,0.8500000000000002,4.291145483075979,5.0,5.0,5.5,5.0,0.5238095238095238,0.47358028964202215,0.5471432227028158,0.30193344583350384,,,,1.538273961749696,0.0007298333989065785,24.43480909525701,0.95
3,2014-07-18,medium_028,medium,True,False,,,,,6.0,5.0,6.5,5.0,0.5652173913043478,0.6703652201064606,0.6400800765832086,0.7410305549940487,,,,3.623112106300599,0.0011697951789265892,56.60272577583272,1.0
3,2014-07-18,medium_029,medium,False,False,,success,0.8500000000000002,8.23493900340361,5.0,5.0,5.5,5.0,0.5238095238095238,0.45505483750769093,0.5339519805455429,0.27096150375270295,,,,1.625329503431984,0.0007789914125232951,25.479571037646647,0.95
3,2014-07-18,bad_000,bad,False,False,,success,0.8200000000000002,4.279463193179893,2.5,8.0,3.0,8.0,0.2727272727272727,0.39501041652607305,0.4202467975982506,0.33612552735765877,,,,0.6297618318657245,0.000372278450393992,9.941357603862551,0.75
3,2014-07-18,bad_001,bad,False,False,,success,0.8500000000000002,0.35071204368571784,2.0,8.0,2.5,8.0,0.23809523809523808,0.4769041551834047,0.6093915424317662,0.1677669182705612,,,,2.5095149305965374,0.0011661378190342701,39.616676196019256,1.0
3,2014-07-18,bad_002,bad,False,False,,success,0.8500000000000002,5.765536380586141,2.5,8.0,3.0,8.0,0.2727272727272727,0.49608670562086843,0.5555738793035361,0.35728330036131084,,,,1.4341536723554724,0.000875035428151777,22.711365501070826,0.9
3,2014-07-18,bad_003,bad,False,False,,success,0.9700000000000001,0.9635591413414772,2.0,8.0,2.5,8.0,0.23809523809523808,0.5281435252531123,0.6049571118176418,0.3489118232692101,,,,1.5651576631467494,0.0009496652968791095,24.87503519978278,0.95
3,2014-07-18,bad_004,bad,False,False,,failure,0.39000000000000007,-0.41558553876311066,2.0,8.0,2.0,8.0,0.2,0.27884751588819484,0.3505279023563994,0.11159328079571759,,,,0.4237584866324244,0.0002510338707598832,6.714434920700166,0.5
3,2014-07-18,bad_005,bad,False,False,,failure,0.5100000000000001,-6.226549606213013,2.0,8.0,2.0,8.0,0.2,0.4130821761287621,0.532394792705126,0.13468607078391304,,,,0.8021458031192116,0.0006099857063407516,12.821299228173995,0.7
3,2014-07-18,bad_006,bad,False,False,,failure,0.4200000000000001,-0.7664319787158576,2.0,8.0,2.0,8.0,0.2,0.4700825483477531,0.5194473414879404,0.35489803102064965,,,,1.0270692218105888,0.0007403338990498386,16.184042445882124,0.85
3,2014-07-18,bad_007,bad,False,False,,failure,0.39000000000000007,-0.12683733752523096,2.0,8.0,2.0,8.0,0.2,0.3518867971153118,0.4450266217423874,0.13456053965213535,,,,0.6033875284125139,0.00043200052272073327,9.582525684296671,0.7
3,2014-07-18,bad_008,bad,False,True,True,,,,2.5,8.0,3.5,8.0,0.30434782608695654,0.48929867563060137,0.5387345540010701,0.3739482927661746,0.3793103448275862,1.529856230447364,0.0009001837354586246,1.5298566446365691,0.0009001837354586246,24.434987153694035,0.9
3,2014-07-18,bad_009,bad,False,False,,success,0.9400000000000001,4.014698559931162,2.0,8.0,2.5,8.0,0.23809523809523808,0.41052090444988154,0.5388749243800678,0.11102819127944698,,,,1.3733130521372867,0.0006936990778447401,21.70112463554069,0.9
3,2014-07-18,bad_010,bad,False,False,,success,0.8500000000000002,0.6929671708865612,2.5,8.0,3.0,8.0,0.2727272727272727,0.48248579207334275,0.5743961860430123,0.26802820614411377,,,,1.7546866350041659,0.0008537311491532845,27.88347622456513,0.95
3,2014-07-18,bad_011,bad,False,False,,failure,0.5400000000000001,-0.6631192892780717,2.0,9.0,2.0,9.0,0.18181818181818182,0.4115128775028372,0.5421472449829514,0.10669935338257089,,,,1.307498250880272,0.0007199680369976707,20.888008967940614,0.9
3,2014-07-18,bad_012,bad,False,False,,success,0.9700000000000001,6.391952303657817,2.5,8.0,3.0,8.0,0.2727272727272727,0.4023985092903555,0.48461431880806094,0.21056162041570936,,,,0.9635780040311015,0.00068123046907907,15.217923433628293,0.8
3,2014-07-18,bad_013,bad,False,False,,failure,0.5100000000000001,-2.296092854668643,2.5,8.0,2.5,8.0,0.23809523809523808,0.3338030591922205,0.3739360259192086,0.24015947016258168,,,,0.6244616607884724,0.00040807106991478433,9.83737397658171,0.75
3,2014-07-18,bad_014,bad,False,False,,success,0.9700000000000001,9.006547512646605,2.0,8.0,2.5,8.0,0.23809523809523808,0.4572154139720318,0.5722159053142977,0.1888809341734116,,,,1.192133921552922,0.0007468758076297746,18.94378748528151,0.9
3,2014-07-18,bad_015,bad,False,False,,failure,0.5100000000000001,-10.72414946062949,2.0,8.0,2.0,8.0,0.2,0.3983441810654165,0.44184345281803783,0.29684588030930026,,,,0.9683250992617003,0.0006006580333106582,15.399854736554879,0.75
3,2014-07-18,bad_016,bad,False,False,,failure,0.39000000000000007,-5.666212499036575,2.0,8.0,2.0,8.0,0.2,0.28484773153069654,0.37299279989664497,0.07917590534348361,,,,0.6993062745394469,0.0005370344986055781,11.032293241872747,0.75
3,2014-07-18,bad_017,bad,False,False,,failure,0.4200000000000001,-2.993245599838545,2.5,8.0,2.5,8.0,0.23809523809523808,0.42855665736498105,0.5031249895751423,0.25456388220793835,,,,1.4113532406521239,0.0008857193459688559,22.242682737123538,0.9
3,2014-07-18,bad_018,bad,False,False,,success,0.8200000000000002,0.5750515632007449,2.0,8.0,2.5,8.0,0.23809523809523808,0.4650932937840152,0.4819410420402146,0.42578188118621657,,,,1.1971206793345135,0.000820106717733075,18.909126988461246,0.9
3,2014-07-18,bad_019,bad,False,True,True,,,,2.5,8.0,3.5,8.0,0.30434782608695654,0.3914751746214398,0.49930063507929795,0.13988243355310429,0.4827586206896552,1.3163097166902487,0.0007103060456971521,1.3163101047136565,0.0007103060456971521,20.984240498518968,0.95
3,2014-07-18,bad_020,bad,False,False,,failure,0.5100000000000001,-5.45344134177958,2.0,8.0,2.0,8.0,0.2,0.34567381701437555,0.4808364032294409,0.03029444917922324,,,,1.0125296773762216,0.000708419430737733,16.233822443121895,0.75
3,2014-07-18,bad_021,bad,False,False,,failure,0.39000000000000007,-5.575479857153212,2.5,8.0,2.5,8.0,0.23809523809523808,0.3627001587229157,0.42749842928965065,0.21150419406720103,,,,0.729810673727556,0.0004232111811615722,11.609913410011584,0.65
3,2014-07-18,bad_022,bad,False,False,,success,0.9700000000000001,4.783516515805758,2.0,8.0,2.5,8.0,0.23809523809523808,0.5233203719026778,0.564264253619903,0.427784647895819,,,,1.6038591971348972,0.0008364795513213948,25.697004576265897,0.95
3,2014-07-18,bad_023,bad,False,False,,failure,0.5100000000000001,-0.47949314060565484,2.0,8.0,2.0,8.0,0.2,0.337379703717091,0.44706438630970136,0.0814487776676668,,,,0.4149805085936269,0.0002657124089255127,6.658052494354849,0.8
3,2014-07-18,bad_024,bad,False,False,,failure,0.4200000000000001,-3.628381126047543,2.0,8.0,2.0,8.0,0.2,0.438067581633889,0.6056207967006032,0.0471100798115559,,,,2.3157816287042956,0.0011067890234942204,36.22045707689016,1.0
3,2014-07-18,bad_025,bad,False,False,,failure,0.39000000000000007,-14.989594288605957,2.0,8.0,2.0,8.0,0.2,0.3448022141133135,0.3976138432405371,0.2215750794831252,,,,0.29908243819379327,0.0002198272151062026,4.644283055063232,0.55
3,2014-07-18,bad_026,bad,False,False,,success,0.8500000000000002,4.95661152076255,2.5,8.0,3.0,8.0,0.2727272727272727,0.4862787758654303,0.5821858787733145,0.2624955357470338,,,,2.088751663330742,0.0008984525267448338,33.21856514089345,0.95
3,2014-07-18,bad_027,bad,False,False,,failure,0.5100000000000001,-2.5495680807719197,2.0,8.0,2.0,8.0,0.2,0.35317260107895176,0.3891980109072194,0.2691133114796606,,,,0.705441885581075,0.0004328130071735536,11.047467391710581,0.75
3,2014-07-18,bad_028,bad,False,True,True,,,,2.5,8.0,3.5,8.0,0.30434782608695654,0.44734767546218873,0.5384985221426327,0.23466236654115294,0.4482758620689655,1.331332710844019,0.0007638635754466757,1.3313330823747473,0.0007638635754466757,21.151197836582014,0.9
3,2014-07-18,bad_029,bad,False,False,,failure,0.5100000000000001,-5.271618815170768,2.5,8.0,2.5,8.0,0.23809523809523808,0.4318405816356497,0.4624381822837374,0.36044618012344504,,,,0.9834034233971212,0.000583038764702316,15.721151170860368,0.85
3,2014-07-18,bad_030,bad,False,False,,failure,0.39000000000000007,-0.5717616454269319,2.0,8.0,2.0,8.0,0.2,0.39007472210360067,0.5296327698268812,0.06443927741594625,,,,0.8546402519950298,0.000625848702722541,13.670529858724787,0.8
3,2014-07-18,bad_031,bad,False,False,,success,0.9400000000000001,2.0233203538207505,2.5,8.0,3.0,8.0,0.2727272727272727,0.4132062547408018,0.44718711058253446,0.3339175911100924,,,,0.9623303588100302,0.0006569107013649405,15.289901473792135,0.8
3,2014-07-18,bad_032,bad,False,False,,failure,0.39000000000000007,-5.641216554744204,2.0,8.0,2.0,8.0,0.2,0.31740585003443034,0.36401878230232226,0.2086423414093492,,,,0.39039940080134106,0.0002323610613827392,6.089535719936184,0.55
3,2014-07-18,bad_033,bad,False,False,,failure,0.5100000000000001,-0.16873485041283232,2.0,8.0,2.0,8.0,0.2,0.44491146080862987,0.5344514523417818,0.23598481389794193,,,,0.8175182280612827,0.0005847044260523352,12.974041768295889,0.8
3,2014-07-18,bad_034,bad,True,False,,,,,2.5,8.0,3.0,8.0,0.2727272727272727,0.5953101161475254,0.664548160180558,0.43375468007044954,,,,4.747627889827765,0.0013248666873212135,76.02876210196094,1.0
3,2014-07-18,bad_035,bad,False,False,,failure,0.39000000000000007,-11.936302259345354,2.0,8.0,2.0,8.0,0.2,0.47376653878919484,0.5784861456617078,0.22942078941999813,,,,1.5008607752075993,0.0008833313017287614,24.106672249722426,1.0
3,2014-07-18,bad_036,bad,False,False,,failure,0.5400000000000001,-3.5940983123271337,2.5,8.0,2.5,8.0,0.23809523809523808,0.4668215401831057,0.5715212764160361,0.22252215563960137,,,,2.249349439090958,0.0009681556880307265,35.51913547217691,1.0
3,2014-07-18,bad_037,bad,False,False,,failure,0.5100000000000001,-4.451288887458091,2.5,8.0,2.5,8.0,0.23809523809523808,0.3669603972781408,0.46048257058558534,0.14874199289410364,,,,0.5799791088245966,0.00035818776350556383,9.124222126585657,0.7
3,2014-07-18,bad_038,bad,False,False,,failure,0.5100000000000001,-13.81725181062555,2.0,8.0,2.0,8.0,0.2,0.27170630210280133,0.33032905682735114,0.13491987441218514,,,,0.4009879315123977,0.0002232850726298163,6.401126059128328,0.75
3,2014-07-18,bad_039,bad,False,False,,success,0.9400000000000001,3.5919156982898386,2.0,8.0,2.5,8.0,0.23809523809523808,0.4602042135908351,0.5100647936764001,0.34386286005785005,,,,0.9487771350050382,0.0005833118872980057,15.123452345516776,0.85
3,2014-07-18,bad_040,bad,False,False,,failure,0.5100000000000001,-3.858176042547271,2.0,8.0,2.0,8.0,0.2,0.40010368159201376,0.5043513987779824,0.15685900815808684,,,,1.1522431243370583,0.0009122913782902694,18.42834458166526,0.9
3,2014-07-18,bad_041,bad,False,False,,success,0.8200000000000002,3.2993804642768794,2.5,8.0,3.0,8.0,0.2727272727272727,0.382404247741307,0.43278286017592466,0.26485415206053253,,,,0.6255626528330438,0.0005551690932953663,9.920818231006082,0.6
3,2014-07-18,bad_042,bad,False,False,,success,0.9400000000000001,7.832015606893236,2.5,8.0,3.0,8.0,0.2727272727272727,0.4362511421417819,0.5065227056651409,0.27228416058727756,,,,0.8298630291316242,0.0005471282355137356,13.164945442536373,0.85
3,2014-07-18,bad_043,bad,False,False,,failure,0.5100000000000001,-4.118920637259151,2.0,8.0,2.0,8.0,0.2,0.374209778669858,0.47185655096046425,0.1463673099917767,,,,1.065601028887696,0.0006974340538407834,16.86858611685105,0.85
3,2014-07-18,bad_044,bad,False,False,,failure,0.5100000000000001,-7.180127658287631,2.0,8.0,2.0,8.0,0.2,0.34356971410532317,0.41276862988446583,0.18210557728732374,,,,0.7728013302476353,0.0004900029406856502,12.306079554218385,0.75
3,2014-07-18,bad_045,bad,False,False,,failure,0.5100000000000001,-6.078406769703733,2.0,8.0,2.0,8.0,0.2,0.39032812296665514,0.47385876578964825,0.19542328971300468,,,,0.7645127972798772,0.0004942783336897361,12.246868926062485,0.75
3,2014-07-18,bad_046,bad,False,False,,failure,0.39000000000000007,-1.1295266020032955,2.0,8.0,2.0,8.0,0.2,0.4531562775373771,0.46643208561693644,0.4221793920184053,,,,1.2007617413575742,0.0008297176881720186,19.115217126249586,0.85
3,2014-07-18,bad_047,bad,False,False,,success,0.9400000000000001,2.1134328811194223,2.0,8.0,2.5,8.0,0.23809523809523808,0.4616385896691443,0.5191209785624773,0.32751301558470053,,,,0.7899230064152267,0.0005874685314539896,12.600123889458871,0.7
3,2014-07-18,bad_048,bad,False,False,,success,0.9400000000000001,0.06510942460073466,2.0,8.0,2.5,8.0,0.23809523809523808,0.5350625006584542,0.501156119392098,0.6141773902799519,,,,1.1881751811623016,0.0006530432791289258,18.967408790185367,0.85
3,2014-07-18,bad_049,bad,False,False,,success,0.91,1.382924183754426,2.5,8.0,3.0,8.0,0.2727272727272727,0.4438880137811515,0.450677025187648,0.4280469871659931,,,,0.44357305928902363,0.00032328850599512755,7.1411258055292635,0.65
4,2014-08-18,good_000,good,False,False,,neutral,0.5100000000000001,-0.07689065351416957,9.0,3.0,9.0,3.0,0.75,0.5223293174465174,0.44607154484850076,0.7002641201752232,,,,0.8315010600974796,0.0005725140905238869,13.279551729737516,0.85
4,2014-08-18,good_001,good,True,True,True,,,,9.0,3.0,10.0,3.0,0.7692307692307693,0.7077304059811897,0.6330266942835139,0.8820390666091004,0.034482758620689655,2.6562669184215233,0.0011779613150077468,2.656267850527094,0.0011779613150077468,41.407758710643904,0.95
4,2014-08-18,good_002,good,False,False,,failure,0.5100000000000001,-1.2708334725761432,8.0,3.0,8.0,3.0,0.7272727272727273,0.5128813671824306,0.5097503157760092,0.5201871537974139,,,,1.3717192569247554,0.000903310385785737,21.92301078551441,0.95
4,2014-08-18,good_003,good,False,True,False,,,,9.0,3.0,9.0,4.0,0.6923076923076923,0.49098043156324334,0.4221035342468307,0.6516931919682062,0.9310344827586207,0.3590627057892503,0.00023658328403623665,0.35906279062642577,0.00023658328403623665,5.706219093206655,0.65
4,2014-08-18,good_004,good,True,True,True,,,,8.0,4.0,9.0,4.0,0.6923076923076923,0.5517309716224137,0.5382777886399024,0.5831217319149401,0.5862068965517241,1.109045474777158,0.0006462792900926183,1.10904576964749,0.0006462792900926183,17.66198768997965,0.85
4,2014-08-18,good_005,good,True,True,True,,,,8.5,3.0,9.5,3.0,0.76,0.6460704520617726,0.5998533673694926,0.7539103163437594,0.2413793103448276,2.0562244414909774,0.0010326889485193947,2.056225084540019,0.0010326889485193947,32.73919834022894,1.0
4,2014-08-18,good_006,good,True,False,,,,,9.0,3.0,9.5,3.0,0.76,0.5764719641933056,0.5295699045817073,0.6859101032870353,,,,0.9114748321276812,0.0005894362339757056,14.266799857745362,0.8
4,2014-08-18,good_007,good,False,True,False,,,,8.0,3.0,8.0,4.0,0.6666666666666666,0.4905470477584455,0.4907021798460195,0.49018507288743957,0.7931034482758621,0.8850105297218377,0.0006932838741544081,0.8850107052489298,0.0006932838741544081,14.011734229073388,0.85
4,2014-08-18,good_008,good,True,True,True,,,,9.0,3.0,10.0,3.0,0.7692307692307693,0.6564090987219474,0.6196746491591275,0.7421228143685272,0.13793103448275862,2.43566442285504,0.0011305726839428304,2.435665245943364,0.0011305726839428304,38.85039949547607,1.0
4,2014-08-18,good_009,good,True,True,True,,,,10.0,2.0,11.0,2.0,0.8461538461538461,0.6670277829864089,0.5709038381766717,0.8913169875424622,0.20689655172413793,2.078843158319042,0.0011207270547379203,2.078843759902572,0.0011207270547379203,32.87846871805431,0.95
4,2014-08-18,good_010,good,True,True,True,,,,9.0,3.0,10.0,3.0,0.7692307692307693,0.6071768967335593,0.5133819045156822,0.8260318785752729,0.3103448275862069,1.5123159681966873,0.0009301470350475946,1.512316353314512,0.0009301470350475946,23.902395429405047,0.85
4,2014-08-18,good_011,good,True,True,True,,,,10.0,2.0,11.0,2.0,0.8461538461538461,0.7016762736045231,0.6334539256133718,0.860861752250543,0.0,3.1490864394005884,0.0012446875521111291,3.1490876851852985,0.0012446875521111291,49.37601648572524,1.0
4,2014-08-18,good_012,good,True,True,True,,,,10.0,2.0,11.0,2.0,0.8461538461538461,0.5689012108701321,0.5247022692313227,0.6720320746940208,0.3448275862068966,1.3338340556111408,0.0008453336513328206,1.333834384837973,0.0008453336513328206,21.37091658792973,0.95
4,2014-08-18,good_013,good,True,True,True,,,,9.5,2.0,10.5,2.0,0.84,0.6429201791348905,0.5824803585815628,0.7839464270926554,0.4827586206896552,1.2018136091791658,0.0008725148088658162,1.2018138663517943,0.0008725148088658162,19.018687569214542,0.85
4,2014-08-18,good_014,good,True,True,False,,,,10.0,2.0,10.0,3.0,0.7692307692307693,0.6248531777934105,0.5412817705215882,0.8198531280943296,0.7241379310344828,0.9123729844573716,0.0007484032303795909,0.9123731596700012,0.0007484032303795909,14.635504112900698,0.8
4,2014-08-18,good_015,good,True,True,False,,,,9.0,3.0,9.0,4.0,0.6923076923076923,0.5757457136432793,0.48064467394667804,0.797648139602016,0.7586206896551724,0.8857524723060979,0.000472991596247133,0.8857527315973757,0.000472991596247133,13.971702527113905,0.9
4,2014-08-18,good_016,good,True,True,True,,,,9.0,3.0,10.0,3.0,0.7692307692307693,0.5580377258965816,0.5050111999446905,0.6817662864509946,0.6896551724137931,0.9292178902254804,0.0005125615231871043,0.929218151381416,0.0005125615231871043,14.66077909391591,0.75
4,2014-08-18,good_017,good,True,True,True,,,,10.0,2.0,11.0,2.0,0.8461538461538461,0.610700088964454,0.4947829768394508,0.8811733505894616,0.6551724137931034,1.0383115420882918,0.0005955373784638597,1.0383118272432679,0.0005955373784638597,16.49958459804372,0.8
4,2014-08-18,good_018,good,True,True,False,,,,10.0,2.0,10.0,3.0,0.7692307692307693,0.6138364140857439,0.4947085648595675,0.8918013956134888,0.896551724137931,0.5417694106867598,0.00043868077189818404,0.5417695152591135,0.00043868077189818404,8.665785917143197,0.7
4,2014-08-18,good_019,good,True,True,True,,,,10.0,2.0,11.0,2.0,0.8461538461538461,0.6430971421580739,0.6427696836597655,0.6438612119874603,0.06896551724137931,2.5078000165532326,0.0011200990089072023,2.5078008913073373,0.0011200990089072023,39.723593519301076,0.95
4,2014-08-18,medium_000,medium,True,True,True,,,,5.5,5.0,6.5,5.0,0.5652173913043478,0.6249383614828053,0.5515027295836726,0.7962881692474484,0.1724137931034483,2.1155196756635055,0.0009398273687365781,2.1155204181522738,0.0009398273687365781,33.75235242895808,0.95
4,2014-08-18,medium_001,medium,False,True,True,,,,5.5,5.0,6.5,5.0,0.5652173913043478,0.48345830882714846,0.48687348304866246,0.4754895689769493,0.5172413793103449,1.1847226317865085,0.0007018487774129931,1.184722947329428,0.0007018487774129931,18.650318465424547,0.9
4,2014-08-18,medium_002,medium,False,False,,failure,0.39000000000000007,-2.421236429816986,5.5,6.0,5.5,6.0,0.4782608695652174,0.47009970432421255,0.47543937126336655,0.4576404814661867,,,,1.0763116014298633,0.0005973263822823185,16.860400025521486,0.8
4,2014-08-18,medium_003,medium,True,False,,,,,5.5,5.0,6.0,5.0,0.5454545454545454,0.5794571895740908,0.4946803762201126,0.7772697540667067,,,,1.287277313843533,0.0008620451972509952,20.316067646329124,0.95
4,2014-08-18,medium_004,medium,True,True,True,,,,6.5,5.0,7.5,5.0,0.6,0.6003109173527503,0.5594156490113995,0.6957332101492355,0.27586206896551724,1.6600381813108962,0.0008521320912281891,1.6600386862251353,0.0008521320912281891,26.62861825165169,0.95
4,2014-08-18,medium_005,medium,True,False,,,,,5.0,6.0,5.5,6.0,0.4782608695652174,0.5850644916227503,0.5906476267484108,0.5720371763295427,,,,1.83705290158262,0.0009672619280877224,29.29935513574913,0.95
4,2014-08-18,medium_006,medium,False,True,False,,,,7.0,5.0,7.0,6.0,0.5384615384615384,0.48223246224842775,0.40309835888109746,0.666878703438865,0.9655172413793104,0.30434500929162955,0.00018157572480096063,0.30434508973670704,0.00018157572480096063,4.8900572591432985,0.7
4,2014-08-18,medium_007,medium,False,True,False,,,,5.0,5.0,5.0,6.0,0.45454545454545453,0.32755933029883355,0.36527954892246295,0.23954548684369836,1.0,0.15483102131058216,0.00011934969374362793,0.1548310521977753,0.00011934969374362793,2.3995896786465405,0.7
4,2014-08-18,medium_008,medium,False,True,False,,,,6.5,5.0,6.5,6.0,0.52,0.4961177357986018,0.5284722341426118,0.4206239063292451,0.8275862068965517,0.7493519805532212,0.0005227855013166408,0.7493521483921428,0.0005227855013166408,11.909381605439014,0.75
4,2014-08-18,medium_009,medium,False,False,,failure,0.5100000000000001,-4.883997327218168,6.0,5.0,6.0,5.0,0.5454545454545454,0.4035352484540977,0.35342876847389526,0.5204503684079036,,,,0.389243038496202,0.0002640359996900047,6.122619122774047,0.75
4,2014-08-18,medium_010,medium,True,False,,,,,5.0,6.0,5.5,6.0,0.4782608695652174,0.5442162106400302,0.6065362899887158,0.39880269215976416,,,,2.870277353602819,0.0010422697906851473,46.13656559719328,1.0
4,2014-08-18,medium_011,medium,True,True,True,,,,7.0,5.0,8.0,5.0,0.6153846153846154,0.5847254934309226,0.5331416381914347,0.7050878223230614,0.6206896551724138,1.046217088857616,0.0006050886106707314,1.0462173709937597,0.0006050886106707314,16.433334543160033,0.8
4,2014-08-18,medium_012,medium,True,False,,,,,5.5,5.0,5.5,5.0,0.5238095238095238,0.5466239601929833,0.5168818585601941,0.6160221973361584,,,,1.0235299293390017,0.000555107691795083,16.153148790768658,0.85
4,2014-08-18,medium_013,medium,True,False,,,,,5.5,6.0,5.5,6.0,0.4782608695652174,0.5555291710377529,0.5758173574182474,0.508190069483266,,,,1.413497403368319,0.0007690618642722805,22.53450306764468,0.9
4,2014-08-18,medium_014,medium,True,False,,,,,5.5,6.0,6.0,6.0,0.5,0.5546133530719924,0.5570704509774667,0.5488801246258861,,,,1.580339158620315,0.0008179033761115445,24.794174066791257,0.95
4,2014-08-18,medium_015,medium,False,False,,failure,0.5400000000000001,-5.142786054751397,6.0,5.0,6.0,5.0,0.5454545454545454,0.5294543360432414,0.4577388002388062,0.6967905862535905,,,,0.9220814295699512,0.0007099463446348681,14.65369444779945,0.8
4,2014-08-18,medium_016,medium,False,False,,failure,0.39000000000000007,-0.8356035245485316,5.0,5.0,5.0,5.0,0.5,0.4256615970389993,0.3929756083184662,0.5019289040535766,,,,0.3957755249262464,0.00025608066738978395,6.273731328679723,0.6
4,2014-08-18,medium_017,medium,False,False,,failure,0.5100000000000001,-5.711209697982937,5.0,7.0,5.0,7.0,0.4166666666666667,0.4894092110895878,0.5650484899427832,0.31291756043213176,,,,1.2680071754671889,0.0008650224416328473,20.194254849830752,0.85
4,2014-08-18,medium_018,medium,False,False,,failure,0.4200000000000001,-4.827551709002634,5.0,6.0,5.0,6.0,0.45454545454545453,0.49232947613046896,0.47066480833323954,0.5428803676573378,,,,0.698959750269844,0.0004220108549915116,10.880785454373735,0.75
4,2014-08-18,medium_019,medium,True,True,False,,,,7.0,5.0,7.0,6.0,0.5384615384615384,0.6045117945701374,0.5914506596560529,0.6349877760363346,0.4482758620689655,1.2177123066376145,0.0008410499947603456,1.2177125800812567,0.0008410499947603456,19.34026238045671,0.9
4,2014-08-18,medium_020,medium,False,False,,neutral,0.39000000000000007,-0.041345570480203264,5.0,5.0,5.0,5.0,0.5,0.44117143709792617,0.4646347869983163,0.3864236206636828,,,,0.40583496093501004,0.00022834027862051243,6.519055550763945,0.55
4,2014-08-18,medium_021,medium,False,True,True,,,,6.5,5.0,7.5,5.0,0.6,0.5246682851507246,0.5689705631302359,0.42129630319853173,0.41379310344827586,1.3031258426590342,0.0008003693128552924,1.3031261719334915,0.0008003693128552924,20.310433456441373,0.85
4,2014-08-18,medium_022,medium,True,False,,,,,5.5,5.0,6.0,5.0,0.5454545454545454,0.6678982762284247,0.6319412418383685,0.7517980231385557,,,,1.7500700646785572,0.0011466222043377433,27.910710620261554,0.95
4,2014-08-18,medium_023,medium,False,False,,success,0.9700000000000001,1.5869658246065939,6.0,5.0,6.5,5.0,0.5652173913043478,0.5196432730812168,0.5725771625332192,0.3961308643598779,,,,1.5951314599331634,0.0008908938868652811,25.134779581390216,0.9
4,2014-08-18,medium_024,medium,False,True,False,,,,6.0,5.0,6.0,6.0,0.5,0.44920923028325566,0.422417921472506,0.5117222841750049,0.8620689655172413,0.564966357922914,0.00035447323328578154,0.5649664972681612,0.00035447323328578154,8.89253823608461,0.7
4,2014-08-18,medium_025,medium,False,False,,failure,0.5100000000000001,-2.821068619196552,5.0,6.0,5.0,6.0,0.45454545454545453,0.4856795945079745,0.4680139465122002,0.5268994398314478,,,,0.8678109554384013,0.0006510002812487777,13.699561839918344,0.75
4,2014-08-18,medium_026,medium,False,True,False,,,,5.0,5.0,5.0,6.0,0.45454545454545453,0.5056684350708541,0.48901797053805385,0.5445195189807216,0.3793103448275862,1.3184903390104408,0.0008523743155230865,1.3184906578204265,0.0008523743155230865,21.00719543484682,0.8
4,2014-08-18,medium_027,medium,False,False,,failure,0.39000000000000007,-0.91877391597437,5.5,5.0,5.5,5.0,0.5238095238095238,0.39614140042902585,0.3555782596208231,0.49078872898149895,,,,0.4867512697316245,0.00035201248071606983,7.883508359147526,0.8
4,2014-08-18,medium_028,medium,True,True,True,,,,6.5,5.0,7.5,5.0,0.6,0.5767559874464743,0.5929012783248544,0.5390836420635872,0.10344827586206896,2.4835481471011094,0.0009728082000185448,2.4835491348882393,0.0009728082000185448,39.28203283355624,0.9
4,2014-08-18,medium_029,medium,False,False,,failure,0.39000000000000007,-8.039718808915893,5.5,5.0,5.5,5.0,0.5238095238095238,0.4487614630848901,0.4400130248519357,0.4691744856284504,,,,0.9500754302454517,0.00034225791636150957,15.124555268666393,0.85
4,2014-08-18,bad_000,bad,False,False,,success,0.9400000000000001,2.1608564195319673,3.0,8.0,3.5,8.0,0.30434782608695654,0.4533048655960597,0.49244660347633595,0.36197414387541527,,,,1.0162728867921131,0.000562146980985849,16.198281727922797,0.9
4,2014-08-18,bad_001,bad,False,False,,failure,0.39000000000000007,-2.841644609549263,2.5,8.0,2.5,8.0,0.23809523809523808,0.4066380976091036,0.42649028244556436,0.3603163329906952,,,,0.36079512903164723,0.00032853615814050946,5.464300167996182,0.65
4,2014-08-18,bad_002,bad,False,False,,failure,0.4200000000000001,-3.898102626621821,3.0,8.0,3.0,8.0,0.2727272727272727,0.4460147083652018,0.48485516024893593,0.35538698730315554,,,,1.0488086566981687,0.0004586801442677999,16.647369680749343,0.8
4,2014-08-18,bad_003,bad,False,False,,failure,0.4200000000000001,-6.437236102205418,2.5,8.0,2.5,8.0,0.23809523809523808,0.3603436066853565,0.3936431749639689,0.2826446140352608,,,,0.5992407532951184,0.00030705168634401946,9.61660764261544,0.75
4,2014-08-18,bad_004,bad,False,False,,success,0.9700000000000001,4.3165782689002725,2.0,8.0,2.5,8.0,0.23809523809523808,0.5161586635389923,0.5892153860484957,0.3456929776834848,,,,2.3415513988429506,0.0011188826400379177,37.310041534621604,1.0
4,2014-08-18,bad_005,bad,False,False,,success,0.9400000000000001,9.390108947926123,2.0,8.0,2.5,8.0,0.23809523809523808,0.4298732283019149,0.5060336247594446,0.25216563656767904,,,,1.2407230568011092,0.0007885649005539855,19.60265429058922,0.9
4,2014-08-18,bad_006,bad,False,False,,failure,0.5400000000000001,-1.9944581613658414,2.0,8.0,2.0,8.0,0.2,0.4381139443121395,0.5506881524413008,0.17544079201076324,,,,1.3174146532269921,0.0007087414515772586,20.911703616592337,0.95
4,2014-08-18,bad_007,bad,False,False,,success,0.9400000000000001,7.145728518833224,2.0,8.0,2.5,8.0,0.23809523809523808,0.37472631211252877,0.4527869046778389,0.19258492946013864,,,,0.3470081558688145,0.00028508269647173367,5.604808101793665,0.65
4,2014-08-18,bad_008,bad,False,False,,success,0.8500000000000002,3.52730651807029,3.5,8.0,4.0,8.0,0.3333333333333333,0.4494632515364425,0.5505928672514938,0.21349414820132298,,,,0.7210542768168863,0.0005905057066803515,11.497151084749774,0.75
4,2014-08-18,bad_009,bad,False,False,,success,0.9700000000000001,10.623626573349895,2.5,8.0,3.0,8.0,0.2727272727272727,0.4546191508294153,0.603254434593675,0.10780348871280929,,,,2.4273675412242386,0.0011160125936406475,38.98818423879552,0.95
4,2014-08-18,bad_010,bad,False,False,,success,0.9700000000000001,1.7340763802632466,3.0,8.0,3.5,8.0,0.30434782608695654,0.41178663075023964,0.43308601787368917,0.3620880607955242,,,,0.4380579895077896,0.000298407982162415,6.780894053246027,0.75
4,2014-08-18,bad_011,bad,False,False,,success,0.9400000000000001,10.607455065311669,2.0,9.0,2.5,9.0,0.21739130434782608,0.4257913337519066,0.5490156038449415,0.13826803686815847,,,,1.0225499385073593,0.0007505873065417636,16.172035915892845,0.75
4,2014-08-18,bad_012,bad,False,False,,failure,0.39000000000000007,-6.198974976991721,3.0,8.0,3.0,8.0,0.2727272727272727,0.3999917324838646,0.3336095055702589,0.5548835952822779,,,,0.24907175846930135,0.00019727297515456042,3.873291982307738,0.65
4,2014-08-18,bad_013,bad,False,False,,failure,0.5100000000000001,-4.138539231175457,2.5,8.0,2.5,8.0,0.23809523809523808,0.3380931067497356,0.4443258031353288,0.09021681518335145,,,,0.9928837813882934,0.0005772055985550613,15.692298557538026,0.75
4,2014-08-18,bad_014,bad,True,False,,,,,2.5,8.0,2.5,8.0,0.23809523809523808,0.548121066357812,0.5570862009579425,0.5272024189575076,,,,1.3402507284039382,0.0007954330002712723,21.247934121582517,0.85
4,2014-08-18,bad_015,bad,False,False,,failure,0.39000000000000007,-4.978321387846762,2.0,8.0,2.0,8.0,0.2,0.48805090172698407,0.5701266371904133,0.2965408523123158,,,,1.1090226819329816,0.0007847765747460109,17.645103653192187,0.85
4,2014-08-18,bad_016,bad,False,False,,failure,0.39000000000000007,-1.220169766432278,2.0,8.0,2.0,8.0,0.2,0.3783471935027962,0.4399505479430339,0.23460603314224165,,,,0.4546998650441644,0.00035610679813365814,7.090209237248445,0.6
4,2014-08-18,bad_017,bad,False,False,,failure,0.4200000000000001,-3.977876001843029,2.5,8.0,2.5,8.0,0.23809523809523808,0.40151717726828956,0.44497422866217184,0.3001173906825643,,,,0.8201731423313994,0.0006121499413163551,13.050240921744148,0.75
4,2014-08-18,bad_018,bad,False,False,,failure,0.39000000000000007,-8.68839409471913,2.5,8.0,2.5,8.0,0.23809523809523808,0.32868665285653453,0.33402464473970167,0.316231338462478,,,,0.3962169087886632,0.0003405050869961148,6.428731673205821,0.7
4,2014-08-18,bad_019,bad,False,False,,failure,0.4200000000000001,-2.283760483890603,3.5,8.0,3.5,8.0,0.30434782608695654,0.5140617709651825,0.5672466574881755,0.38996370241153233,,,,1.4932863334769229,0.0009677159241067126,23.50181133415315,0.85
4,2014-08-18,bad_020,bad,False,False,,success,0.8500000000000002,0.8800897496662827,2.0,8.0,2.5,8.0,0.23809523809523808,0.4829576155957132,0.5237621830211806,0.3877469582696227,,,,1.138535819614756,0.0004991144981224469,18.12232053562308,0.8
4,2014-08-18,bad_021,bad,False,False,,failure,0.5100000000000001,-1.3201108206965273,2.5,8.0,2.5,8.0,0.23809523809523808,0.48730536479515557,0.5273842950378035,0.3937878608956439,,,,1.1717354024541051,0.0007726909367307435,18.777472328070573,0.8
4,2014-08-18,bad_022,bad,False,False,,failure,0.5100000000000001,-7.241485264354466,2.5,8.0,2.5,8.0,0.23809523809523808,0.34338432962125065,0.42271051710050445,0.15828989216965847,,,,0.45335798504838626,0.00033873669801436036,7.031231292393662,0.65
4,2014-08-18,bad_023,bad,False,False,,success,0.8200000000000002,5.275580540770761,2.0,8.0,2.5,8.0,0.23809523809523808,0.3181846423249053,0.3187947277893952,0.31676110957442877,,,,0.5194124150867403,0.00028137967027163247,8.209466732450828,0.65
4,2014-08-18,bad_024,bad,False,False,,failure,0.5400000000000001,-9.408727378466054,2.0,8.0,2.0,8.0,0.2,0.4838010866971483,0.499548864586704,0.4470562716215183,,,,1.0391855260050475,0.0006141363813040666,16.683915495111048,0.8
4,2014-08-18,bad_025,bad,False,False,,success,0.9400000000000001,2.633742382360907,2.0,8.0,2.5,8.0,0.23809523809523808,0.4520276838045706,0.49379422131678924,0.35457242960939395,,,,0.9718846226305277,0.0006055729148396631,15.524747143970902,0.8
4,2014-08-18,bad_026,bad,False,False,,success,0.8500000000000002,1.1108788791285633,3.0,8.0,3.5,8.0,0.30434782608695654,0.35246351443626867,0.4530963068704589,0.11765366542315817,,,,0.8860994761022672,0.00040662721074620587,14.180165058231655,0.85
4,2014-08-18,bad_027,bad,False,False,,success,0.9400000000000001,0.42149165937489386,2.0,8.0,2.5,8.0,0.23809523809523808,0.4685103288522603,0.504980375037129,0.38341355442089997,,,,0.9961180502070235,0.0006368053132223685,15.884209020236467,0.85
4,2014-08-18,bad_028,bad,False,False,,success,0.9700000000000001,2.9024347542927416,3.5,8.0,4.0,8.0,0.3333333333333333,0.5173973475005624,0.5966975374461442,0.3323635709608718,,,,1.0544817545344722,0.0008199845318747206,16.857550348582834,0.8
4,2014-08-18,bad_029,bad,False,False,,success,0.9400000000000001,5.116367548703266,2.5,8.0,3.0,8.0,0.2727272727272727,0.43811289004250087,0.5583662481443628,0.1575217211381566,,,,1.3390910756266488,0.0008450343598375143,21.336651488415615,0.9
4,2014-08-18,bad_030,bad,False,False,,failure,0.5100000000000001,-8.423714499093748,2.0,8.0,2.0,8.0,0.2,0.3389776227759838,0.4633458638154082,0.048785060350660325,,,,0.7792725099000902,0.000457553633372232,12.591888528521014,0.75
4,2014-08-18,bad_031,bad,False,False,,failure,0.5100000000000001,-2.9308159093656627,3.0,8.0,3.0,8.0,0.2727272727272727,0.34092507223249574,0.4172219529126353,0.1628990173121701,,,,0.5713454899217837,0.00033342569107281306,9.202815891474055,0.7
4,2014-08-18,bad_032,bad,False,False,,failure,0.39000000000000007,-1.6104490250608166,2.0,8.0,2.0,8.0,0.2,0.31322847481402677,0.4006260699151633,0.10930075291137492,,,,0.3532862696265133,0.00025495459546560505,5.5871345666500645,0.75
4,2014-08-18,bad_033,bad,False,False,,success,0.9700000000000001,9.916941977004882,2.0,8.0,2.5,8.0,0.23809523809523808,0.4618878502612753,0.5318196807328839,0.29871357916085556,,,,1.1610823235372634,0.000624758157312916,18.368738056540995,0.85
4,2014-08-18,bad_034,bad,False,True,False,,,,3.0,8.0,3.0,9.0,0.25,0.35146856141270016,0.4462751048784813,0.13025329332587743,0.5517241379310345,1.125850573482484,0.0007793695466283108,1.1258508268395977,0.0007793695466283108,17.831737940326043,0.85
4,2014-08-18,bad_035,bad,False,False,,failure,0.4200000000000001,-8.36167753823355,2.0,8.0,2.0,8.0,0.2,0.40494033677621155,0.5184724804929166,0.14003200143723327,,,,0.9750730416843629,0.0004966668111077375,15.575577969698578,0.8
4,2014-08-18,bad_036,bad,False,False,,success,0.9700000000000001,0.9602195237170434,2.5,8.0,3.0,8.0,0.2727272727272727,0.47565628490860545,0.5419784168875128,0.32090464362448845,,,,0.8547357762025962,0.0005789428475976353,13.3598115278744,0.7
4,2014-08-18,bad_037,bad,False,False,,failure,0.39000000000000007,-4.617723080347403,2.5,8.0,2.5,8.0,0.23809523809523808,0.47177708137599983,0.5402438750184543,0.31202122954360634,,,,1.384228655947806,0.0008287798122149682,21.83587589646277,0.9
4,2014-08-18,bad_038,bad,False,False,,failure,0.5100000000000001,-4.074684739620551,2.0,8.0,2.0,8.0,0.2,0.3919915134511799,0.4115073443355226,0.34645457472104696,,,,0.7271050522448826,0.0004572079989430884,11.429669295988269,0.75
4,2014-08-18,bad_039,bad,True,False,,,,,2.5,8.0,3.0,8.0,0.2727272727272727,0.557776693162733,0.5332112648277645,0.6150960259443266,,,,0.9026990857890471,0.0005958749224011991,14.663634321521629,0.75
4,2014-08-18,bad_040,bad,False,False,,failure,0.5400000000000001,-0.7725219997659565,2.0,8.0,2.0,8.0,0.2,0.43629190559363873,0.48814945325714354,0.31529096104546084,,,,0.9113645439084753,0.0005002851175058238,14.352885390397311,0.8
4,2014-08-18,bad_041,bad,False,False,,failure,0.5100000000000001,-2.5489118334620287,3.0,8.0,3.0,8.0,0.2727272727272727,0.3880760087499654,0.46360326688648174,0.2118457397647606,,,,0.7731298827446867,0.0005546631830144883,12.40890074298551,0.85
4,2014-08-18,bad_042,bad,False,False,,success,0.9400000000000001,1.4903808195289372,3.0,8.0,3.5,8.0,0.30434782608695654,0.4785655248080186,0.5213615665684673,0.3787080940336384,,,,0.8310631242983466,0.000655554320164384,13.22129476799956,0.85
4,2014-08-18,bad_043,bad,False,False,,failure,0.39000000000000007,-3.117079019620519,2.0,8.0,2.0,8.0,0.2,0.35690028859132783,0.4178330468517083,0.21472385265044006,,,,0.6210550707010258,0.00042007866208915905,9.736646701288764,0.75
4,2014-08-18,bad_044,bad,False,False,,failure,0.36000000000000004,-6.073428576797539,2.0,8.0,2.0,8.0,0.2,0.29230995684204786,0.3914558295042396,0.06096958729693378,,,,0.1164843806634642,7.862103624892039e-05,1.736866003226784,0.5
4,2014-08-18,bad_045,bad,False,False,,failure,0.5100000000000001,-4.98305777518712,2.0,8.0,2.0,8.0,0.2,0.2895909655142655,0.32300822544107755,0.21161735901837075,,,,0.3532590501299382,0.00022251643228758485,5.569833774682269,0.65
4,2014-08-18,bad_046,bad,False,False,,failure,0.39000000000000007,-7.658468794153023,2.0,8.0,2.0,8.0,0.2,0.376345507360945,0.48465310586687516,0.12362777751377468,,,,1.2339258307285277,0.0006418515828863851,19.675574650235017,0.85
4,2014-08-18,bad_047,bad,False,False,,failure,0.5100000000000001,-6.355347431342466,2.5,8.0,2.5,8.0,0.23809523809523808,0.35003254025843633,0.41033068648417376,0.20933686573171575,,,,0.5965454542040908,0.0004033325447992049,9.494423999662835,0.8
4,2014-08-18,bad_048,bad,False,False,,failure,0.5100000000000001,-1.863356606731827,2.5,8.0,2.5,8.0,0.23809523809523808,0.39461033719754784,0.41226583205738765,0.3534141825245884,,,,0.7429657982160529,0.0005649738936384941,11.725852361598434,0.7
4,2014-08-18,bad_049,bad,False,False,,success,0.9400000000000001,8.744857213551555,3.0,8.0,3.5,8.0,0.30434782608695654,0.4600049493811772,0.5191994940255089,0.3218843452110699,,,,1.6065675270416324,0.0009598485423618641,25.753090665274957,0.9
